timestamp_utc,total_value_raw,total_value_numeric
2026-09-23T20:37:22+00:00,$623.50,623.5
2026-09-23T21:03:47+00:00,$623.50,623.5
2026-09-23T21:04:56+00:00,$623.50,623.5
2026-09-23T21:05:33+00:00,$623.50,623.5
2026-09-23T21:14:27+00:00,$623.50,623.5
2026-09-24T02:43:42+00:00,$623.50,623.5
2026-09-24T03:14:01+00:00,$623.50,623.5
2026-09-24T04:14:05+00:00,$623.50,623.5
2026-09-24T05:14:03+00:00,$623.50,623.5
2026-09-24T06:14:03+00:00,$623.50,623.5
2026-09-24T07:14:05+00:00,$623.50,623.5
2026-09-24T07:35:03+00:00,$623.68,623.68
2026-09-24T07:54:37+00:00,$623.68,623.68
2026-09-24T07:58:56+00:00,$623.68,623.68
2026-09-24T16:27:23+00:00,$612.62,612.62
2026-09-24T17:14:02+00:00,$612.62,612.62
2026-09-24T18:46:02+00:00,$612.62,612.62
2026-09-24T19:14:00+00:00,$612.62,612.62
2026-09-24T20:14:06+00:00,$612.62,612.62
2026-09-24T21:14:00+00:00,$612.62,612.62
2026-09-24T22:14:06+00:00,$612.62,612.62
2026-09-24T23:14:03+00:00,$612.62,612.62
2026-09-25T01:46:02+00:00,$612.62,612.62
2026-09-25T02:14:03+00:00,$612.62,612.62
2026-09-25T07:25:35+00:00,$612.62,612.62
2026-09-25T08:14:01+00:00,$612.62,612.62
2026-09-25T09:14:01+00:00,$612.62,612.62
2026-09-25T19:34:07+00:00,$613.46,613.46
2026-09-25T20:14:08+00:00,$613.46,613.46
2026-09-25T21:14:04+00:00,$613.46,613.46
2026-09-25T23:22:02+00:00,$613.46,613.46
2026-09-26T07:44:49+00:00,$643.22,643.22
2026-09-26T08:14:10+00:00,$643.22,643.22
2026-09-28T07:03:05+00:00,$936.23,936.23
2026-09-28T07:14:03+00:00,$936.23,936.23
2026-09-29T02:38:08+00:00,$926.99,926.99
2026-09-29T02:45:55+00:00,$926.99,926.99
2026-09-29T03:14:05+00:00,$926.99,926.99
2026-09-30T05:10:51+00:00,$920.92,920.92
2026-09-30T05:14:00+00:00,$920.92,920.92
2026-09-30T06:14:04+00:00,$967.27,967.27
2026-10-01T00:14:03+00:00,$968.05,968.05
2026-10-01T01:14:05+00:00,$968.05,968.05
2026-10-01T23:12:54+00:00,$975.84,975.84
2026-10-01T23:14:14+00:00,$975.84,975.84
2026-10-02T00:14:06+00:00,$975.84,975.84
2026-10-03T00:14:05+00:00,"$1,019.67",1019.67
2026-10-03T01:14:03+00:00,"$1,019.67",1019.67
2026-10-03T06:56:12+00:00,"$1,019.67",1019.67
2026-10-03T07:14:08+00:00,"$1,019.67",1019.67
2026-10-03T22:42:32+00:00,"$1,001.75",1001.75
2026-10-03T23:14:05+00:00,"$1,001.75",1001.75
2026-10-04T07:14:07+00:00,"$1,001.75",1001.75
2026-10-04T08:14:04+00:00,"$1,001.75",1001.75
2026-10-04T16:48:28+00:00,$995.50,995.5
2026-10-04T17:14:00+00:00,$995.50,995.5
2026-10-05T01:01:32+00:00,$995.50,995.5
2026-10-05T01:14:00+00:00,$995.50,995.5
2026-10-06T07:48:27+00:00,$999.99,999.99
2026-10-06T10:32:18+00:00,$999.99,999.99
2026-10-07T00:42:57+00:00,"$1,006.58",1006.58
2026-10-07T01:14:09+00:00,"$1,006.58",1006.58
2026-10-07T02:14:01+00:00,"$1,006.58",1006.58
2026-10-07T03:58:37+00:00,"$1,006.58",1006.58
2026-10-07T04:14:01+00:00,"$1,006.58",1006.58
2026-10-07T05:14:03+00:00,"$1,006.58",1006.58
2026-10-07T06:14:03+00:00,"$1,006.58",1006.58
2026-10-07T07:14:01+00:00,"$1,006.58",1006.58
2026-10-07T08:14:01+00:00,"$1,006.58",1006.58
2026-10-07T09:14:03+00:00,"$1,006.58",1006.58
2026-10-07T23:20:22+00:00,$999.62,999.62
2026-10-08T19:14:10+00:00,$983.70,983.7
2026-10-08T20:14:05+00:00,$983.70,983.7
2026-10-08T21:14:03+00:00,$983.70,983.7
2026-10-08T23:34:47+00:00,$983.70,983.7
2026-10-09T04:44:38+00:00,$983.70,983.7
2026-10-09T05:14:04+00:00,$983.70,983.7
2026-10-09T06:14:09+00:00,$983.70,983.7
2026-10-09T07:14:00+00:00,$983.70,983.7
2026-10-09T18:14:04+00:00,$973.25,973.25
2026-10-09T21:40:23+00:00,$973.25,973.25
2026-10-09T22:14:05+00:00,$973.25,973.25
2026-10-09T23:14:02+00:00,$973.25,973.25
2026-10-10T00:14:03+00:00,$973.25,973.25
2026-10-10T01:14:06+00:00,$973.25,973.25
2026-10-10T02:14:04+00:00,$973.25,973.25
2026-10-10T03:14:08+00:00,$973.25,973.25
2026-10-10T04:14:09+00:00,$973.25,973.25
